experiment,property,metric,value
Exp-0_hard_data_statistics,porosity,mean,5.531674861907959
Exp-0_hard_data_statistics,porosity,std,2.3064544200897217
Exp-0_hard_data_statistics,oil_saturation,mean,53.80085754394531
Exp-0_hard_data_statistics,oil_saturation,std,7.3863606452941895
Exp-0_hard_data_statistics,brittleness_index,mean,53.61188507080078
Exp-0_hard_data_statistics,brittleness_index,std,1.496689796447754
Exp-0_hard_data_statistics,SH1,mean,35.94221115112305
Exp-0_hard_data_statistics,SH1,std,0.45697644352912903
Exp-0_hard_data_statistics,SH2,mean,30.179656982421875
Exp-0_hard_data_statistics,SH2,std,0.46420976519584656
Exp-0_hard_data_statistics,permeability,mean,0.23217202723026276
Exp-0_hard_data_statistics,permeability,std,0.004126323852688074
Exp-0_hard_data_statistics,gamma,mean,130.51661682128906
Exp-0_hard_data_statistics,gamma,std,21.02092170715332
Exp-0_hard_data_statistics,stress,mean,35.827125549316406
Exp-0_hard_data_statistics,stress,std,6.796711444854736
Exp-0_hard_data_statistics,grid,missing_count,4185
Exp-0_hard_data_statistics,grid,duplicate_count,0
Exp-1_no_stress_rock_physics,Vp,mean,3615.52294921875
Exp-1_no_stress_rock_physics,Vp,std,196.645751953125
Exp-1_no_stress_rock_physics,Vp,p10,3349.202880859375
Exp-1_no_stress_rock_physics,Vp,p50,3618.566650390625
Exp-1_no_stress_rock_physics,Vp,p90,3860.65771484375
Exp-1_no_stress_rock_physics,Vp,facies_0_mean,3610.944580078125
Exp-1_no_stress_rock_physics,Vp,facies_0_std,222.84881591796875
Exp-1_no_stress_rock_physics,Vp,facies_1_mean,3631.63916015625
Exp-1_no_stress_rock_physics,Vp,facies_1_std,159.21932983398438
Exp-1_no_stress_rock_physics,Vp,facies_2_mean,3607.5712890625
Exp-1_no_stress_rock_physics,Vp,facies_2_std,109.12876892089844
Exp-1_no_stress_rock_physics,Vp,facies_3_mean,3600.1064453125
Exp-1_no_stress_rock_physics,Vp,facies_3_std,194.33474731445312
Exp-1_no_stress_rock_physics,Vp,facies_separability_fisher,0.002878471225709646
Exp-1_no_stress_rock_physics,Vs,mean,2056.494873046875
Exp-1_no_stress_rock_physics,Vs,std,144.31729125976562
Exp-1_no_stress_rock_physics,Vs,p10,1854.57568359375
Exp-1_no_stress_rock_physics,Vs,p50,2066.98291015625
Exp-1_no_stress_rock_physics,Vs,p90,2243.765625
Exp-1_no_stress_rock_physics,Vs,facies_0_mean,2000.1136474609375
Exp-1_no_stress_rock_physics,Vs,facies_0_std,142.9965362548828
Exp-1_no_stress_rock_physics,Vs,facies_1_mean,2144.315673828125
Exp-1_no_stress_rock_physics,Vs,facies_1_std,112.17337036132812
Exp-1_no_stress_rock_physics,Vs,facies_2_mean,2086.3154296875
Exp-1_no_stress_rock_physics,Vs,facies_2_std,73.17636108398438
Exp-1_no_stress_rock_physics,Vs,facies_3_mean,2095.603271484375
Exp-1_no_stress_rock_physics,Vs,facies_3_std,133.20065307617188
Exp-1_no_stress_rock_physics,Vs,facies_separability_fisher,0.24619030979678364
Exp-1_no_stress_rock_physics,density,mean,2.52990984916687
Exp-1_no_stress_rock_physics,density,std,0.02960149012506008
Exp-1_no_stress_rock_physics,density,p10,2.4921398162841797
Exp-1_no_stress_rock_physics,density,p50,2.5279061794281006
Exp-1_no_stress_rock_physics,density,p90,2.570077419281006
Exp-1_no_stress_rock_physics,density,facies_0_mean,2.5464606285095215
Exp-1_no_stress_rock_physics,density,facies_0_std,0.025127019733190536
Exp-1_no_stress_rock_physics,density,facies_1_mean,2.508213996887207
Exp-1_no_stress_rock_physics,density,facies_1_std,0.02123955823481083
Exp-1_no_stress_rock_physics,density,facies_2_mean,2.517514228820801
Exp-1_no_stress_rock_physics,density,facies_2_std,0.014549808576703072
Exp-1_no_stress_rock_physics,density,facies_3_mean,2.5089499950408936
Exp-1_no_stress_rock_physics,density,facies_3_std,0.024549437686800957
Exp-1_no_stress_rock_physics,density,facies_separability_fisher,0.6153217581701828
Exp-1_no_stress_rock_physics,AI,mean,9151.380859375
Exp-1_no_stress_rock_physics,AI,std,584.4678955078125
Exp-1_no_stress_rock_physics,AI,p10,8371.1748046875
Exp-1_no_stress_rock_physics,AI,p50,9137.3583984375
Exp-1_no_stress_rock_physics,AI,p90,9898.8359375
Exp-1_no_stress_rock_physics,AI,facies_0_mean,9200.6953125
Exp-1_no_stress_rock_physics,AI,facies_0_std,657.9022216796875
Exp-1_no_stress_rock_physics,AI,facies_1_mean,9112.296875
Exp-1_no_stress_rock_physics,AI,facies_1_std,475.7753601074219
Exp-1_no_stress_rock_physics,AI,facies_2_mean,9083.6953125
Exp-1_no_stress_rock_physics,AI,facies_2_std,325.9302062988281
Exp-1_no_stress_rock_physics,AI,facies_3_mean,9037.2197265625
Exp-1_no_stress_rock_physics,AI,facies_3_std,578.6891479492188
Exp-1_no_stress_rock_physics,AI,facies_separability_fisher,0.00975465704387123
Exp-1_no_stress_rock_physics,VpVs,mean,1.7607077360153198
Exp-1_no_stress_rock_physics,VpVs,std,0.05408959090709686
Exp-1_no_stress_rock_physics,VpVs,p10,1.6869593858718872
Exp-1_no_stress_rock_physics,VpVs,p50,1.7811620235443115
Exp-1_no_stress_rock_physics,VpVs,p90,1.8246653079986572
Exp-1_no_stress_rock_physics,VpVs,facies_0_mean,1.8066377639770508
Exp-1_no_stress_rock_physics,VpVs,facies_0_std,0.018830085173249245
Exp-1_no_stress_rock_physics,VpVs,facies_1_mean,1.6943756341934204
Exp-1_no_stress_rock_physics,VpVs,facies_1_std,0.015589588321745396
Exp-1_no_stress_rock_physics,VpVs,facies_2_mean,1.7294636964797974
Exp-1_no_stress_rock_physics,VpVs,facies_2_std,0.009429209865629673
Exp-1_no_stress_rock_physics,VpVs,facies_3_mean,1.7189712524414062
Exp-1_no_stress_rock_physics,VpVs,facies_3_std,0.01867925561964512
Exp-1_no_stress_rock_physics,VpVs,facies_separability_fisher,8.748248300582842
Exp-1_no_stress_rock_physics,AI,corr_with_porosity,-0.6698738226375238
Exp-1_no_stress_rock_physics,AI,corr_with_oil_saturation,-0.18417540757427925
Exp-1_no_stress_rock_physics,AI,corr_with_brittleness_index,-0.057723577020253054
Exp-1_no_stress_rock_physics,AI,corr_with_permeability,-0.23318167390214192
Exp-1_no_stress_rock_physics,AI,corr_with_gamma,0.6075475474154691
Exp-1_no_stress_rock_physics,AI,corr_with_stress,0.5540922405559261
Exp-1_no_stress_rock_physics,AI,corr_with_SH1,-0.05745379454878382
Exp-1_no_stress_rock_physics,AI,corr_with_SH2,-0.041443898051643654
Exp-1_no_stress_rock_physics,AI,corr_with_stress_MPa,0.5540922405559261
Exp-1_no_stress_rock_physics,AI,corr_with_mean_stress_proxy,-0.051320510094722896
Exp-1_no_stress_rock_physics,AI,corr_with_differential_stress,-0.027993758554040946
Exp-1_no_stress_rock_physics,AI,corr_with_stress_ratio,-0.014047774523548898
Exp-1_no_stress_rock_physics,AI,corr_with_stress_anisotropy_index,-0.013731856035028363
Exp-1_no_stress_rock_physics,AI,corr_with_pore_pressure_MPa,-0.2485895148923689
Exp-1_no_stress_rock_physics,AI,corr_with_vertical_stress_Sv_MPa,-0.24858952595667516
Exp-1_no_stress_rock_physics,AI,corr_with_effective_pressure_physical_MPa,-0.24858953526999775
Exp-1_no_stress_rock_physics,AI,corr_with_overpressure_ratio,-0.06824548810777926
Exp-1_no_stress_rock_physics,AI,corr_with_effective_pressure_ratio,0.034156375746079534
Exp-1_no_stress_rock_physics,VpVs,corr_with_porosity,-0.5696597703090616
Exp-1_no_stress_rock_physics,VpVs,corr_with_oil_saturation,-0.2726414688385751
Exp-1_no_stress_rock_physics,VpVs,corr_with_brittleness_index,-0.08363513430334017
Exp-1_no_stress_rock_physics,VpVs,corr_with_permeability,-0.22037891740585738
Exp-1_no_stress_rock_physics,VpVs,corr_with_gamma,0.5663746296345614
Exp-1_no_stress_rock_physics,VpVs,corr_with_stress,0.6085216671212568
Exp-1_no_stress_rock_physics,VpVs,corr_with_SH1,-0.14256967384946045
Exp-1_no_stress_rock_physics,VpVs,corr_with_SH2,-0.1986950873052543
Exp-1_no_stress_rock_physics,VpVs,corr_with_stress_MPa,0.6085216671212568
Exp-1_no_stress_rock_physics,VpVs,corr_with_mean_stress_proxy,-0.17754524914396289
Exp-1_no_stress_rock_physics,VpVs,corr_with_differential_stress,0.10806392450533371
Exp-1_no_stress_rock_physics,VpVs,corr_with_stress_ratio,0.15367364100753625
Exp-1_no_stress_rock_physics,VpVs,corr_with_stress_anisotropy_index,0.15314081379247912
Exp-1_no_stress_rock_physics,VpVs,corr_with_pore_pressure_MPa,-0.43683405987207596
Exp-1_no_stress_rock_physics,VpVs,corr_with_vertical_stress_Sv_MPa,-0.4368340644325306
Exp-1_no_stress_rock_physics,VpVs,corr_with_effective_pressure_physical_MPa,-0.43683407072843566
Exp-1_no_stress_rock_physics,VpVs,corr_with_overpressure_ratio,-0.06429250855440084
Exp-1_no_stress_rock_physics,VpVs,corr_with_effective_pressure_ratio,0.04083879983929643
Exp-1_no_stress_rock_physics,runtime,seconds,1.7209720388054848
Exp-2_stress_aware_rock_physics,Vp,mean,3614.137939453125
Exp-2_stress_aware_rock_physics,Vp,std,196.6480255126953
Exp-2_stress_aware_rock_physics,Vp,p10,3349.26025390625
Exp-2_stress_aware_rock_physics,Vp,p50,3616.22412109375
Exp-2_stress_aware_rock_physics,Vp,p90,3859.514892578125
Exp-2_stress_aware_rock_physics,Vp,facies_0_mean,3609.604736328125
Exp-2_stress_aware_rock_physics,Vp,facies_0_std,223.38771057128906
Exp-2_stress_aware_rock_physics,Vp,facies_1_mean,3631.326904296875
Exp-2_stress_aware_rock_physics,Vp,facies_1_std,157.48825073242188
Exp-2_stress_aware_rock_physics,Vp,facies_2_mean,3605.646728515625
Exp-2_stress_aware_rock_physics,Vp,facies_2_std,109.801513671875
Exp-2_stress_aware_rock_physics,Vp,facies_3_mean,3595.556640625
Exp-2_stress_aware_rock_physics,Vp,facies_3_std,194.0899200439453
Exp-2_stress_aware_rock_physics,Vp,facies_separability_fisher,0.003402251550941595
Exp-2_stress_aware_rock_physics,Vs,mean,2055.20263671875
Exp-2_stress_aware_rock_physics,Vs,std,144.346923828125
Exp-2_stress_aware_rock_physics,Vs,p10,1852.623291015625
Exp-2_stress_aware_rock_physics,Vs,p50,2065.4814453125
Exp-2_stress_aware_rock_physics,Vs,p90,2242.7060546875
Exp-2_stress_aware_rock_physics,Vs,facies_0_mean,1998.83984375
Exp-2_stress_aware_rock_physics,Vs,facies_0_std,143.51625061035156
Exp-2_stress_aware_rock_physics,Vs,facies_1_mean,2144.029296875
Exp-2_stress_aware_rock_physics,Vs,facies_1_std,110.60484313964844
Exp-2_stress_aware_rock_physics,Vs,facies_2_mean,2084.569580078125
Exp-2_stress_aware_rock_physics,Vs,facies_2_std,73.83302307128906
Exp-2_stress_aware_rock_physics,Vs,facies_3_mean,2091.436767578125
Exp-2_stress_aware_rock_physics,Vs,facies_3_std,132.78384399414062
Exp-2_stress_aware_rock_physics,Vs,facies_separability_fisher,0.2481100740391363
Exp-2_stress_aware_rock_physics,density,mean,2.52990984916687
Exp-2_stress_aware_rock_physics,density,std,0.02960149012506008
Exp-2_stress_aware_rock_physics,density,p10,2.4921398162841797
Exp-2_stress_aware_rock_physics,density,p50,2.5279061794281006
Exp-2_stress_aware_rock_physics,density,p90,2.570077419281006
Exp-2_stress_aware_rock_physics,density,facies_0_mean,2.5464606285095215
Exp-2_stress_aware_rock_physics,density,facies_0_std,0.025127019733190536
Exp-2_stress_aware_rock_physics,density,facies_1_mean,2.508213996887207
Exp-2_stress_aware_rock_physics,density,facies_1_std,0.02123955823481083
Exp-2_stress_aware_rock_physics,density,facies_2_mean,2.517514228820801
Exp-2_stress_aware_rock_physics,density,facies_2_std,0.014549808576703072
Exp-2_stress_aware_rock_physics,density,facies_3_mean,2.5089499950408936
Exp-2_stress_aware_rock_physics,density,facies_3_std,0.024549437686800957
Exp-2_stress_aware_rock_physics,density,facies_separability_fisher,0.6153217581701828
Exp-2_stress_aware_rock_physics,AI,mean,9147.875
Exp-2_stress_aware_rock_physics,AI,std,584.4210815429688
Exp-2_stress_aware_rock_physics,AI,p10,8369.4150390625
Exp-2_stress_aware_rock_physics,AI,p50,9132.625
Exp-2_stress_aware_rock_physics,AI,p90,9895.28125
Exp-2_stress_aware_rock_physics,AI,facies_0_mean,9197.298828125
Exp-2_stress_aware_rock_physics,AI,facies_0_std,659.2435302734375
Exp-2_stress_aware_rock_physics,AI,facies_1_mean,9111.478515625
Exp-2_stress_aware_rock_physics,AI,facies_1_std,471.43017578125
Exp-2_stress_aware_rock_physics,AI,facies_2_mean,9078.8603515625
Exp-2_stress_aware_rock_physics,AI,facies_2_std,327.5743713378906
Exp-2_stress_aware_rock_physics,AI,facies_3_mean,9025.796875
Exp-2_stress_aware_rock_physics,AI,facies_3_std,577.9091796875
Exp-2_stress_aware_rock_physics,AI,facies_separability_fisher,0.010144743551391167
Exp-2_stress_aware_rock_physics,VpVs,mean,1.7611507177352905
Exp-2_stress_aware_rock_physics,VpVs,std,0.05421511456370354
Exp-2_stress_aware_rock_physics,VpVs,p10,1.6872529983520508
Exp-2_stress_aware_rock_physics,VpVs,p50,1.7814260721206665
Exp-2_stress_aware_rock_physics,VpVs,p90,1.8254287242889404
Exp-2_stress_aware_rock_physics,VpVs,facies_0_mean,1.8071415424346924
Exp-2_stress_aware_rock_physics,VpVs,facies_0_std,0.019123326987028122
Exp-2_stress_aware_rock_physics,VpVs,facies_1_mean,1.6944223642349243
Exp-2_stress_aware_rock_physics,VpVs,facies_1_std,0.015155809000134468
Exp-2_stress_aware_rock_physics,VpVs,facies_2_mean,1.7300013303756714
Exp-2_stress_aware_rock_physics,VpVs,facies_2_std,0.009744367562234402
Exp-2_stress_aware_rock_physics,VpVs,facies_3_mean,1.7202080488204956
Exp-2_stress_aware_rock_physics,VpVs,facies_3_std,0.018435217440128326
Exp-2_stress_aware_rock_physics,VpVs,facies_separability_fisher,8.728056935529562
Exp-2_stress_aware_rock_physics,AI,corr_with_porosity,-0.6695112412882238
Exp-2_stress_aware_rock_physics,AI,corr_with_oil_saturation,-0.18305573194113062
Exp-2_stress_aware_rock_physics,AI,corr_with_brittleness_index,-0.06609628862716395
Exp-2_stress_aware_rock_physics,AI,corr_with_permeability,-0.2286307217172104
Exp-2_stress_aware_rock_physics,AI,corr_with_gamma,0.6075934274670486
Exp-2_stress_aware_rock_physics,AI,corr_with_stress,0.5540744192739279
Exp-2_stress_aware_rock_physics,AI,corr_with_SH1,-0.04720002029345512
Exp-2_stress_aware_rock_physics,AI,corr_with_SH2,-0.031114052003204763
Exp-2_stress_aware_rock_physics,AI,corr_with_stress_MPa,0.5540744192739279
Exp-2_stress_aware_rock_physics,AI,corr_with_mean_stress_proxy,-0.04062524726783411
Exp-2_stress_aware_rock_physics,AI,corr_with_differential_stress,-0.028430564861770778
Exp-2_stress_aware_rock_physics,AI,corr_with_stress_ratio,-0.01758024443146162
Exp-2_stress_aware_rock_physics,AI,corr_with_stress_anisotropy_index,-0.017254052000772038
Exp-2_stress_aware_rock_physics,AI,corr_with_pore_pressure_MPa,-0.24667860722330712
Exp-2_stress_aware_rock_physics,AI,corr_with_vertical_stress_Sv_MPa,-0.24667861823441445
Exp-2_stress_aware_rock_physics,AI,corr_with_effective_pressure_physical_MPa,-0.24667862755164188
Exp-2_stress_aware_rock_physics,AI,corr_with_overpressure_ratio,-0.06774972002475474
Exp-2_stress_aware_rock_physics,AI,corr_with_effective_pressure_ratio,0.03392847269866843
Exp-2_stress_aware_rock_physics,VpVs,corr_with_porosity,-0.5692885257470218
Exp-2_stress_aware_rock_physics,VpVs,corr_with_oil_saturation,-0.27421713482692367
Exp-2_stress_aware_rock_physics,VpVs,corr_with_brittleness_index,-0.07332124681411761
Exp-2_stress_aware_rock_physics,VpVs,corr_with_permeability,-0.22556152726930945
Exp-2_stress_aware_rock_physics,VpVs,corr_with_gamma,0.5655157965512313
Exp-2_stress_aware_rock_physics,VpVs,corr_with_stress,0.6077540419393951
Exp-2_stress_aware_rock_physics,VpVs,corr_with_SH1,-0.15545568062361514
Exp-2_stress_aware_rock_physics,VpVs,corr_with_SH2,-0.2116225126450506
Exp-2_stress_aware_rock_physics,VpVs,corr_with_stress_MPa,0.6077540419393951
Exp-2_stress_aware_rock_physics,VpVs,corr_with_mean_stress_proxy,-0.19095770533169018
Exp-2_stress_aware_rock_physics,VpVs,corr_with_differential_stress,0.10851251355323233
Exp-2_stress_aware_rock_physics,VpVs,corr_with_stress_ratio,0.15801256614070575
Exp-2_stress_aware_rock_physics,VpVs,corr_with_stress_anisotropy_index,0.15746700510320288
Exp-2_stress_aware_rock_physics,VpVs,corr_with_pore_pressure_MPa,-0.43861981914483034
Exp-2_stress_aware_rock_physics,VpVs,corr_with_vertical_stress_Sv_MPa,-0.43861982375427616
Exp-2_stress_aware_rock_physics,VpVs,corr_with_effective_pressure_physical_MPa,-0.4386198300323157
Exp-2_stress_aware_rock_physics,VpVs,corr_with_overpressure_ratio,-0.06479499088005203
Exp-2_stress_aware_rock_physics,VpVs,corr_with_effective_pressure_ratio,0.04109248015456305
Exp-2_stress_minus_baseline,Vp,mean_abs_difference,2.3217687606811523
Exp-2_stress_minus_baseline,Vp,rms_difference,3.0100722312927246
Exp-2_stress_minus_baseline,Vs,mean_abs_difference,2.1445226669311523
Exp-2_stress_minus_baseline,Vs,rms_difference,2.7689082622528076
Exp-2_stress_minus_baseline,density,mean_abs_difference,0.0
Exp-2_stress_minus_baseline,density,rms_difference,0.0
Exp-2_stress_minus_baseline,AI,mean_abs_difference,5.85148286819458
Exp-2_stress_minus_baseline,AI,rms_difference,7.565804958343506
Exp-2_stress_minus_baseline,VpVs,mean_abs_difference,0.0007050046697258949
Exp-2_stress_minus_baseline,VpVs,rms_difference,0.0008988924673758447
Exp-2_stress_aware_rock_physics,runtime,seconds,1.7832885924726725
Exp-3_no_stress_seismic_soft_data,poststack_seismic,mean,-0.004990162793546915
Exp-3_no_stress_seismic_soft_data,poststack_seismic,std,0.037885893136262894
Exp-3_no_stress_seismic_soft_data,poststack_seismic,p10,-0.05261582136154175
Exp-3_no_stress_seismic_soft_data,poststack_seismic,p50,-0.005112804006785154
Exp-3_no_stress_seismic_soft_data,poststack_seismic,p90,0.0428662970662117
Exp-3_no_stress_seismic_soft_data,poststack_seismic,facies_separability_fisher,0.027131496823925485
Exp-3_no_stress_seismic_soft_data,poststack_seismic,corr_with_porosity,-0.0732550763366365
Exp-3_no_stress_seismic_soft_data,poststack_seismic,corr_with_oil_saturation,0.056254380325334634
Exp-3_no_stress_seismic_soft_data,poststack_seismic,corr_with_brittleness_index,-0.056739824186168415
Exp-3_no_stress_seismic_soft_data,poststack_seismic,corr_with_permeability,-0.09338410756701687
Exp-3_no_stress_seismic_soft_data,poststack_seismic,corr_with_gamma,0.09965517269730172
Exp-3_no_stress_seismic_soft_data,poststack_seismic,corr_with_stress,0.14049081795763604
Exp-3_no_stress_seismic_soft_data,poststack_seismic,corr_with_SH1,-0.02759854157915676
Exp-3_no_stress_seismic_soft_data,poststack_seismic,corr_with_SH2,-0.07416099186608718
Exp-3_no_stress_seismic_soft_data,poststack_seismic,corr_with_stress_MPa,0.14049081795763604
Exp-3_no_stress_seismic_soft_data,poststack_seismic,corr_with_mean_stress_proxy,-0.053055949428237686
Exp-3_no_stress_seismic_soft_data,poststack_seismic,corr_with_differential_stress,0.08586024822823399
Exp-3_no_stress_seismic_soft_data,poststack_seismic,corr_with_stress_ratio,0.0962851566527971
Exp-3_no_stress_seismic_soft_data,poststack_seismic,corr_with_stress_anisotropy_index,0.09653777238427261
Exp-3_no_stress_seismic_soft_data,poststack_seismic,corr_with_pore_pressure_MPa,-0.23583994629460658
Exp-3_no_stress_seismic_soft_data,poststack_seismic,corr_with_vertical_stress_Sv_MPa,-0.23583994612831552
Exp-3_no_stress_seismic_soft_data,poststack_seismic,corr_with_effective_pressure_physical_MPa,-0.23583995590792775
Exp-3_no_stress_seismic_soft_data,poststack_seismic,corr_with_overpressure_ratio,-0.023689375134329824
Exp-3_no_stress_seismic_soft_data,poststack_seismic,corr_with_effective_pressure_ratio,-0.007024502778259509
Exp-3_no_stress_seismic_soft_data,AVO_intercept,mean,-0.0008689246024005115
Exp-3_no_stress_seismic_soft_data,AVO_intercept,std,0.018600396811962128
Exp-3_no_stress_seismic_soft_data,AVO_intercept,p10,0.0
Exp-3_no_stress_seismic_soft_data,AVO_intercept,p50,0.0
Exp-3_no_stress_seismic_soft_data,AVO_intercept,p90,0.0
Exp-3_no_stress_seismic_soft_data,AVO_intercept,facies_separability_fisher,0.003305941790955353
Exp-3_no_stress_seismic_soft_data,AVO_intercept,corr_with_porosity,0.1515881446870011
Exp-3_no_stress_seismic_soft_data,AVO_intercept,corr_with_oil_saturation,0.08787128955544296
Exp-3_no_stress_seismic_soft_data,AVO_intercept,corr_with_brittleness_index,-0.002239794569441394
Exp-3_no_stress_seismic_soft_data,AVO_intercept,corr_with_permeability,0.013027847648351357
Exp-3_no_stress_seismic_soft_data,AVO_intercept,corr_with_gamma,-0.12287244709597989
Exp-3_no_stress_seismic_soft_data,AVO_intercept,corr_with_stress,-0.0985758995239761
Exp-3_no_stress_seismic_soft_data,AVO_intercept,corr_with_SH1,0.012699150987631384
Exp-3_no_stress_seismic_soft_data,AVO_intercept,corr_with_SH2,-0.009336507307144953
Exp-3_no_stress_seismic_soft_data,AVO_intercept,corr_with_stress_MPa,-0.0985758995239761
Exp-3_no_stress_seismic_soft_data,AVO_intercept,corr_with_mean_stress_proxy,0.001681092887786923
Exp-3_no_stress_seismic_soft_data,AVO_intercept,corr_with_differential_stress,0.040080780072513075
Exp-3_no_stress_seismic_soft_data,AVO_intercept,corr_with_stress_ratio,0.03780358125678581
Exp-3_no_stress_seismic_soft_data,AVO_intercept,corr_with_stress_anisotropy_index,0.037853791620719925
Exp-3_no_stress_seismic_soft_data,AVO_intercept,corr_with_pore_pressure_MPa,-0.02361814430853913
Exp-3_no_stress_seismic_soft_data,AVO_intercept,corr_with_vertical_stress_Sv_MPa,-0.023618143129964173
Exp-3_no_stress_seismic_soft_data,AVO_intercept,corr_with_effective_pressure_physical_MPa,-0.023618143796598583
Exp-3_no_stress_seismic_soft_data,AVO_intercept,corr_with_overpressure_ratio,0.0036118750187269784
Exp-3_no_stress_seismic_soft_data,AVO_intercept,corr_with_effective_pressure_ratio,0.008186181756754079
Exp-3_no_stress_seismic_soft_data,AVO_gradient,mean,-0.00016710777708794922
Exp-3_no_stress_seismic_soft_data,AVO_gradient,std,0.04254436865448952
Exp-3_no_stress_seismic_soft_data,AVO_gradient,p10,0.0
Exp-3_no_stress_seismic_soft_data,AVO_gradient,p50,0.0
Exp-3_no_stress_seismic_soft_data,AVO_gradient,p90,0.0
Exp-3_no_stress_seismic_soft_data,AVO_gradient,facies_separability_fisher,0.03186728946192685
Exp-3_no_stress_seismic_soft_data,AVO_gradient,corr_with_porosity,-0.02987646403293039
Exp-3_no_stress_seismic_soft_data,AVO_gradient,corr_with_oil_saturation,-0.0014574186471607528
Exp-3_no_stress_seismic_soft_data,AVO_gradient,corr_with_brittleness_index,0.007977398191785721
Exp-3_no_stress_seismic_soft_data,AVO_gradient,corr_with_permeability,-0.011012971736100755
Exp-3_no_stress_seismic_soft_data,AVO_gradient,corr_with_gamma,0.024482136371086618
Exp-3_no_stress_seismic_soft_data,AVO_gradient,corr_with_stress,0.005203764712888088
Exp-3_no_stress_seismic_soft_data,AVO_gradient,corr_with_SH1,0.003142462700980179
Exp-3_no_stress_seismic_soft_data,AVO_gradient,corr_with_SH2,0.009120751312168482
Exp-3_no_stress_seismic_soft_data,AVO_gradient,corr_with_stress_MPa,0.005203764712888088
Exp-3_no_stress_seismic_soft_data,AVO_gradient,corr_with_mean_stress_proxy,0.006395003407821005
Exp-3_no_stress_seismic_soft_data,AVO_gradient,corr_with_differential_stress,-0.011015114579551734
Exp-3_no_stress_seismic_soft_data,AVO_gradient,corr_with_stress_ratio,-0.012666526501233672
Exp-3_no_stress_seismic_soft_data,AVO_gradient,corr_with_stress_anisotropy_index,-0.01258448143797514
Exp-3_no_stress_seismic_soft_data,AVO_gradient,corr_with_pore_pressure_MPa,-0.0012029124778554093
Exp-3_no_stress_seismic_soft_data,AVO_gradient,corr_with_vertical_stress_Sv_MPa,-0.0012029115590311717
Exp-3_no_stress_seismic_soft_data,AVO_gradient,corr_with_effective_pressure_physical_MPa,-0.0012029105442870455
Exp-3_no_stress_seismic_soft_data,AVO_gradient,corr_with_overpressure_ratio,9.753996022621492e-05
Exp-3_no_stress_seismic_soft_data,AVO_gradient,corr_with_effective_pressure_ratio,-0.013660494570327945
Exp-3_no_stress_seismic_soft_data,runtime,seconds,2.30876868031919
Exp-4_stress_aware_seismic_soft_data,poststack_seismic,mean,-0.004945424385368824
Exp-4_stress_aware_seismic_soft_data,poststack_seismic,std,0.037871524691581726
Exp-4_stress_aware_seismic_soft_data,poststack_seismic,p10,-0.05255524069070816
Exp-4_stress_aware_seismic_soft_data,poststack_seismic,p50,-0.0050743864849209785
Exp-4_stress_aware_seismic_soft_data,poststack_seismic,p90,0.042885567992925644
Exp-4_stress_aware_seismic_soft_data,poststack_seismic,facies_separability_fisher,0.02560763473385117
Exp-4_stress_aware_seismic_soft_data,poststack_seismic,corr_with_porosity,-0.06823348949173764
Exp-4_stress_aware_seismic_soft_data,poststack_seismic,corr_with_oil_saturation,0.05646980797635593
Exp-4_stress_aware_seismic_soft_data,poststack_seismic,corr_with_brittleness_index,-0.05642015617525846
Exp-4_stress_aware_seismic_soft_data,poststack_seismic,corr_with_permeability,-0.0892665402783601
Exp-4_stress_aware_seismic_soft_data,poststack_seismic,corr_with_gamma,0.09429299225643085
Exp-4_stress_aware_seismic_soft_data,poststack_seismic,corr_with_stress,0.13480008964680693
Exp-4_stress_aware_seismic_soft_data,poststack_seismic,corr_with_SH1,-0.026153072096687994
Exp-4_stress_aware_seismic_soft_data,poststack_seismic,corr_with_SH2,-0.07175344524460214
Exp-4_stress_aware_seismic_soft_data,poststack_seismic,corr_with_stress_MPa,0.13480008964680693
Exp-4_stress_aware_seismic_soft_data,poststack_seismic,corr_with_mean_stress_proxy,-0.05104949258688331
Exp-4_stress_aware_seismic_soft_data,poststack_seismic,corr_with_differential_stress,0.08406744335406767
Exp-4_stress_aware_seismic_soft_data,poststack_seismic,corr_with_stress_ratio,0.09403668956605056
Exp-4_stress_aware_seismic_soft_data,poststack_seismic,corr_with_stress_anisotropy_index,0.09428387936283461
Exp-4_stress_aware_seismic_soft_data,poststack_seismic,corr_with_pore_pressure_MPa,-0.22978632214086253
Exp-4_stress_aware_seismic_soft_data,poststack_seismic,corr_with_vertical_stress_Sv_MPa,-0.22978632179266
Exp-4_stress_aware_seismic_soft_data,poststack_seismic,corr_with_effective_pressure_physical_MPa,-0.22978633127643525
Exp-4_stress_aware_seismic_soft_data,poststack_seismic,corr_with_overpressure_ratio,-0.022453581824923918
Exp-4_stress_aware_seismic_soft_data,poststack_seismic,corr_with_effective_pressure_ratio,-0.007367685107925192
Exp-4_stress_aware_seismic_soft_data,AVO_intercept,mean,-0.0008585741161368787
Exp-4_stress_aware_seismic_soft_data,AVO_intercept,std,0.01861458458006382
Exp-4_stress_aware_seismic_soft_data,AVO_intercept,p10,0.0
Exp-4_stress_aware_seismic_soft_data,AVO_intercept,p50,0.0
Exp-4_stress_aware_seismic_soft_data,AVO_intercept,p90,0.0
Exp-4_stress_aware_seismic_soft_data,AVO_intercept,facies_separability_fisher,0.002995473048572854
Exp-4_stress_aware_seismic_soft_data,AVO_intercept,corr_with_porosity,0.1529486558632905
Exp-4_stress_aware_seismic_soft_data,AVO_intercept,corr_with_oil_saturation,0.08729690032423418
Exp-4_stress_aware_seismic_soft_data,AVO_intercept,corr_with_brittleness_index,0.0014217053013050305
Exp-4_stress_aware_seismic_soft_data,AVO_intercept,corr_with_permeability,0.0131605742720752
Exp-4_stress_aware_seismic_soft_data,AVO_intercept,corr_with_gamma,-0.12460523163995885
Exp-4_stress_aware_seismic_soft_data,AVO_intercept,corr_with_stress,-0.10032927783311751
Exp-4_stress_aware_seismic_soft_data,AVO_intercept,corr_with_SH1,0.00923197280733963
Exp-4_stress_aware_seismic_soft_data,AVO_intercept,corr_with_SH2,-0.012543698684682055
Exp-4_stress_aware_seismic_soft_data,AVO_intercept,corr_with_stress_MPa,-0.10032927783311751
Exp-4_stress_aware_seismic_soft_data,AVO_intercept,corr_with_mean_stress_proxy,-0.0017886912071960646
Exp-4_stress_aware_seismic_soft_data,AVO_intercept,corr_with_differential_stress,0.03967897792167422
Exp-4_stress_aware_seismic_soft_data,AVO_intercept,corr_with_stress_ratio,0.038447461637256854
Exp-4_stress_aware_seismic_soft_data,AVO_intercept,corr_with_stress_anisotropy_index,0.03848996008960348
Exp-4_stress_aware_seismic_soft_data,AVO_intercept,corr_with_pore_pressure_MPa,-0.022609580994029953
Exp-4_stress_aware_seismic_soft_data,AVO_intercept,corr_with_vertical_stress_Sv_MPa,-0.022609579807567542
Exp-4_stress_aware_seismic_soft_data,AVO_intercept,corr_with_effective_pressure_physical_MPa,-0.022609580389737715
Exp-4_stress_aware_seismic_soft_data,AVO_intercept,corr_with_overpressure_ratio,0.0041839301841644526
Exp-4_stress_aware_seismic_soft_data,AVO_intercept,corr_with_effective_pressure_ratio,0.00802434284473413
Exp-4_stress_aware_seismic_soft_data,AVO_gradient,mean,-0.00020248421060387045
Exp-4_stress_aware_seismic_soft_data,AVO_gradient,std,0.04251107946038246
Exp-4_stress_aware_seismic_soft_data,AVO_gradient,p10,0.0
Exp-4_stress_aware_seismic_soft_data,AVO_gradient,p50,0.0
Exp-4_stress_aware_seismic_soft_data,AVO_gradient,p90,0.0
Exp-4_stress_aware_seismic_soft_data,AVO_gradient,facies_separability_fisher,0.03118782681793132
Exp-4_stress_aware_seismic_soft_data,AVO_gradient,corr_with_porosity,-0.031785302929336186
Exp-4_stress_aware_seismic_soft_data,AVO_gradient,corr_with_oil_saturation,-0.00048362799560248846
Exp-4_stress_aware_seismic_soft_data,AVO_gradient,corr_with_brittleness_index,0.0028475705066912504
Exp-4_stress_aware_seismic_soft_data,AVO_gradient,corr_with_permeability,-0.011214926554467644
Exp-4_stress_aware_seismic_soft_data,AVO_gradient,corr_with_gamma,0.026928364499726316
Exp-4_stress_aware_seismic_soft_data,AVO_gradient,corr_with_stress,0.007647648377047915
Exp-4_stress_aware_seismic_soft_data,AVO_gradient,corr_with_SH1,0.008080053080739358
Exp-4_stress_aware_seismic_soft_data,AVO_gradient,corr_with_SH2,0.01370991004785696
Exp-4_stress_aware_seismic_soft_data,AVO_gradient,corr_with_stress_MPa,0.007647648377047915
Exp-4_stress_aware_seismic_soft_data,AVO_gradient,corr_with_mean_stress_proxy,0.0113477147069391
Exp-4_stress_aware_seismic_soft_data,AVO_gradient,corr_with_differential_stress,-0.010482857613552086
Exp-4_stress_aware_seismic_soft_data,AVO_gradient,corr_with_stress_ratio,-0.013624284608340654
Exp-4_stress_aware_seismic_soft_data,AVO_gradient,corr_with_stress_anisotropy_index,-0.013531598921083602
Exp-4_stress_aware_seismic_soft_data,AVO_gradient,corr_with_pore_pressure_MPa,-0.002628577779397486
Exp-4_stress_aware_seismic_soft_data,AVO_gradient,corr_with_vertical_stress_Sv_MPa,-0.0026285768777100016
Exp-4_stress_aware_seismic_soft_data,AVO_gradient,corr_with_effective_pressure_physical_MPa,-0.0026285759864532934
Exp-4_stress_aware_seismic_soft_data,AVO_gradient,corr_with_overpressure_ratio,-0.0006881676123664178
Exp-4_stress_aware_seismic_soft_data,AVO_gradient,corr_with_effective_pressure_ratio,-0.013482335045935073
Exp-4_stress_seismic_minus_baseline,poststack_seismic,mean_abs_difference,0.00037779632839374244
Exp-4_stress_seismic_minus_baseline,poststack_seismic,rms_difference,0.0004904757370240986
Exp-4_stress_seismic_minus_baseline,AVO_gradient,mean_abs_difference,0.00025670198374427855
Exp-4_stress_seismic_minus_baseline,AVO_gradient,rms_difference,0.0008001343230716884
Exp-4_stress_aware_seismic_soft_data,runtime,seconds,2.907652722671628
Exp-7_sv_pp_effective_pressure_rock_physics,Vp,mean,3436.0244140625
Exp-7_sv_pp_effective_pressure_rock_physics,Vp,std,215.6982879638672
Exp-7_sv_pp_effective_pressure_rock_physics,Vp,p10,3161.486572265625
Exp-7_sv_pp_effective_pressure_rock_physics,Vp,p50,3420.8916015625
Exp-7_sv_pp_effective_pressure_rock_physics,Vp,p90,3718.026123046875
Exp-7_sv_pp_effective_pressure_rock_physics,Vp,facies_0_mean,3473.23095703125
Exp-7_sv_pp_effective_pressure_rock_physics,Vp,facies_0_std,248.9643096923828
Exp-7_sv_pp_effective_pressure_rock_physics,Vp,facies_1_mean,3390.614013671875
Exp-7_sv_pp_effective_pressure_rock_physics,Vp,facies_1_std,151.35235595703125
Exp-7_sv_pp_effective_pressure_rock_physics,Vp,facies_2_mean,3399.00732421875
Exp-7_sv_pp_effective_pressure_rock_physics,Vp,facies_2_std,112.27635192871094
Exp-7_sv_pp_effective_pressure_rock_physics,Vp,facies_3_mean,3386.990234375
Exp-7_sv_pp_effective_pressure_rock_physics,Vp,facies_3_std,200.5387725830078
Exp-7_sv_pp_effective_pressure_rock_physics,Vp,facies_separability_fisher,0.03710137421211181
Exp-7_sv_pp_effective_pressure_rock_physics,Vs,mean,1884.9691162109375
Exp-7_sv_pp_effective_pressure_rock_physics,Vs,std,145.17428588867188
Exp-7_sv_pp_effective_pressure_rock_physics,Vs,p10,1690.6409912109375
Exp-7_sv_pp_effective_pressure_rock_physics,Vs,p50,1893.2777099609375
Exp-7_sv_pp_effective_pressure_rock_physics,Vs,p90,2057.86572265625
Exp-7_sv_pp_effective_pressure_rock_physics,Vs,facies_0_mean,1864.1544189453125
Exp-7_sv_pp_effective_pressure_rock_physics,Vs,facies_0_std,167.56808471679688
Exp-7_sv_pp_effective_pressure_rock_physics,Vs,facies_1_mean,1920.24609375
Exp-7_sv_pp_effective_pressure_rock_physics,Vs,facies_1_std,103.76410675048828
Exp-7_sv_pp_effective_pressure_rock_physics,Vs,facies_2_mean,1892.1478271484375
Exp-7_sv_pp_effective_pressure_rock_physics,Vs,facies_2_std,75.60309600830078
Exp-7_sv_pp_effective_pressure_rock_physics,Vs,facies_3_mean,1894.0064697265625
Exp-7_sv_pp_effective_pressure_rock_physics,Vs,facies_3_std,136.82887268066406
Exp-7_sv_pp_effective_pressure_rock_physics,Vs,facies_separability_fisher,0.029205035528354573
Exp-7_sv_pp_effective_pressure_rock_physics,density,mean,2.52990984916687
Exp-7_sv_pp_effective_pressure_rock_physics,density,std,0.02960149012506008
Exp-7_sv_pp_effective_pressure_rock_physics,density,p10,2.4921398162841797
Exp-7_sv_pp_effective_pressure_rock_physics,density,p50,2.5279061794281006
Exp-7_sv_pp_effective_pressure_rock_physics,density,p90,2.570077419281006
Exp-7_sv_pp_effective_pressure_rock_physics,density,facies_0_mean,2.5464606285095215
Exp-7_sv_pp_effective_pressure_rock_physics,density,facies_0_std,0.025127019733190536
Exp-7_sv_pp_effective_pressure_rock_physics,density,facies_1_mean,2.508213996887207
Exp-7_sv_pp_effective_pressure_rock_physics,density,facies_1_std,0.02123955823481083
Exp-7_sv_pp_effective_pressure_rock_physics,density,facies_2_mean,2.517514228820801
Exp-7_sv_pp_effective_pressure_rock_physics,density,facies_2_std,0.014549808576703072
Exp-7_sv_pp_effective_pressure_rock_physics,density,facies_3_mean,2.5089499950408936
Exp-7_sv_pp_effective_pressure_rock_physics,density,facies_3_std,0.024549437686800957
Exp-7_sv_pp_effective_pressure_rock_physics,density,facies_separability_fisher,0.6153217581701828
Exp-7_sv_pp_effective_pressure_rock_physics,AI,mean,8698.4150390625
Exp-7_sv_pp_effective_pressure_rock_physics,AI,std,639.0699462890625
Exp-7_sv_pp_effective_pressure_rock_physics,AI,p10,7901.79736328125
Exp-7_sv_pp_effective_pressure_rock_physics,AI,p50,8643.4580078125
Exp-7_sv_pp_effective_pressure_rock_physics,AI,p90,9546.0908203125
Exp-7_sv_pp_effective_pressure_rock_physics,AI,facies_0_mean,8850.6376953125
Exp-7_sv_pp_effective_pressure_rock_physics,AI,facies_0_std,721.0064697265625
Exp-7_sv_pp_effective_pressure_rock_physics,AI,facies_1_mean,8507.568359375
Exp-7_sv_pp_effective_pressure_rock_physics,AI,facies_1_std,450.5591735839844
Exp-7_sv_pp_effective_pressure_rock_physics,AI,facies_2_mean,8558.6767578125
Exp-7_sv_pp_effective_pressure_rock_physics,AI,facies_2_std,330.7365417480469
Exp-7_sv_pp_effective_pressure_rock_physics,AI,facies_3_mean,8502.650390625
Exp-7_sv_pp_effective_pressure_rock_physics,AI,facies_3_std,588.9557495117188
Exp-7_sv_pp_effective_pressure_rock_physics,AI,facies_separability_fisher,0.07342631706180255
Exp-7_sv_pp_effective_pressure_rock_physics,VpVs,mean,1.8255186080932617
Exp-7_sv_pp_effective_pressure_rock_physics,VpVs,std,0.053711164742708206
Exp-7_sv_pp_effective_pressure_rock_physics,VpVs,p10,1.757553219795227
Exp-7_sv_pp_effective_pressure_rock_physics,VpVs,p50,1.8254400491714478
Exp-7_sv_pp_effective_pressure_rock_physics,VpVs,p90,1.8980796337127686
Exp-7_sv_pp_effective_pressure_rock_physics,VpVs,facies_0_mean,1.8661919832229614
Exp-7_sv_pp_effective_pressure_rock_physics,VpVs,facies_0_std,0.03466373682022095
Exp-7_sv_pp_effective_pressure_rock_physics,VpVs,facies_1_mean,1.766634225845337
Exp-7_sv_pp_effective_pressure_rock_physics,VpVs,facies_1_std,0.018451938405632973
Exp-7_sv_pp_effective_pressure_rock_physics,VpVs,facies_2_mean,1.7968957424163818
Exp-7_sv_pp_effective_pressure_rock_physics,VpVs,facies_2_std,0.01401797216385603
Exp-7_sv_pp_effective_pressure_rock_physics,VpVs,facies_3_mean,1.789923906326294
Exp-7_sv_pp_effective_pressure_rock_physics,VpVs,facies_3_std,0.02559354528784752
Exp-7_sv_pp_effective_pressure_rock_physics,VpVs,facies_separability_fisher,2.495222947163323
Exp-7_sv_pp_effective_pressure_rock_physics,AI,corr_with_porosity,-0.7831631970945273
Exp-7_sv_pp_effective_pressure_rock_physics,AI,corr_with_oil_saturation,-0.24172932024757207
Exp-7_sv_pp_effective_pressure_rock_physics,AI,corr_with_brittleness_index,-0.08348062814942053
Exp-7_sv_pp_effective_pressure_rock_physics,AI,corr_with_permeability,-0.257955419508587
Exp-7_sv_pp_effective_pressure_rock_physics,AI,corr_with_gamma,0.714588459513731
Exp-7_sv_pp_effective_pressure_rock_physics,AI,corr_with_stress,0.6640080958628491
Exp-7_sv_pp_effective_pressure_rock_physics,AI,corr_with_SH1,-0.06947163060259845
Exp-7_sv_pp_effective_pressure_rock_physics,AI,corr_with_SH2,-0.057753751754454706
Exp-7_sv_pp_effective_pressure_rock_physics,AI,corr_with_stress_MPa,0.6640080958628491
Exp-7_sv_pp_effective_pressure_rock_physics,AI,corr_with_mean_stress_proxy,-0.06605668504375271
Exp-7_sv_pp_effective_pressure_rock_physics,AI,corr_with_differential_stress,-0.019697718317722126
Exp-7_sv_pp_effective_pressure_rock_physics,AI,corr_with_stress_ratio,-0.0018521025390764874
Exp-7_sv_pp_effective_pressure_rock_physics,AI,corr_with_stress_anisotropy_index,-0.0016540875972920958
Exp-7_sv_pp_effective_pressure_rock_physics,AI,corr_with_pore_pressure_MPa,-0.29242297721133853
Exp-7_sv_pp_effective_pressure_rock_physics,AI,corr_with_vertical_stress_Sv_MPa,-0.29242298987327914
Exp-7_sv_pp_effective_pressure_rock_physics,AI,corr_with_effective_pressure_physical_MPa,-0.29242300121520143
Exp-7_sv_pp_effective_pressure_rock_physics,AI,corr_with_overpressure_ratio,-0.07567270352645646
Exp-7_sv_pp_effective_pressure_rock_physics,AI,corr_with_effective_pressure_ratio,0.038776108048374155
Exp-7_sv_pp_effective_pressure_rock_physics,VpVs,corr_with_porosity,-0.3666317458424249
Exp-7_sv_pp_effective_pressure_rock_physics,VpVs,corr_with_oil_saturation,-0.233746011763849
Exp-7_sv_pp_effective_pressure_rock_physics,VpVs,corr_with_brittleness_index,-0.04667451796179331
Exp-7_sv_pp_effective_pressure_rock_physics,VpVs,corr_with_permeability,-0.17417120108852324
Exp-7_sv_pp_effective_pressure_rock_physics,VpVs,corr_with_gamma,0.385278066604928
Exp-7_sv_pp_effective_pressure_rock_physics,VpVs,corr_with_stress,0.44514975312073723
Exp-7_sv_pp_effective_pressure_rock_physics,VpVs,corr_with_SH1,-0.15144061622549493
Exp-7_sv_pp_effective_pressure_rock_physics,VpVs,corr_with_SH2,-0.21588624954288094
Exp-7_sv_pp_effective_pressure_rock_physics,VpVs,corr_with_stress_MPa,0.44514975312073723
Exp-7_sv_pp_effective_pressure_rock_physics,VpVs,corr_with_mean_stress_proxy,-0.1911206799059546
Exp-7_sv_pp_effective_pressure_rock_physics,VpVs,corr_with_differential_stress,0.12372975439630836
Exp-7_sv_pp_effective_pressure_rock_physics,VpVs,corr_with_stress_ratio,0.17279359786621015
Exp-7_sv_pp_effective_pressure_rock_physics,VpVs,corr_with_stress_anisotropy_index,0.17229952696803036
Exp-7_sv_pp_effective_pressure_rock_physics,VpVs,corr_with_pore_pressure_MPa,-0.41065906539858527
Exp-7_sv_pp_effective_pressure_rock_physics,VpVs,corr_with_vertical_stress_Sv_MPa,-0.41065906588416007
Exp-7_sv_pp_effective_pressure_rock_physics,VpVs,corr_with_effective_pressure_physical_MPa,-0.41065906813402125
Exp-7_sv_pp_effective_pressure_rock_physics,VpVs,corr_with_overpressure_ratio,-0.052230369868169306
Exp-7_sv_pp_effective_pressure_rock_physics,VpVs,corr_with_effective_pressure_ratio,0.03595605749554567
Exp-7_physical_peff_minus_stress_proxy,Vp,mean_abs_difference,178.11453247070312
Exp-7_physical_peff_minus_stress_proxy,Vp,rms_difference,185.57388305664062
Exp-7_physical_peff_minus_stress_proxy,Vs,mean_abs_difference,170.23377990722656
Exp-7_physical_peff_minus_stress_proxy,Vs,rms_difference,176.15052795410156
Exp-7_physical_peff_minus_stress_proxy,density,mean_abs_difference,0.0
Exp-7_physical_peff_minus_stress_proxy,density,rms_difference,0.0
Exp-7_physical_peff_minus_stress_proxy,AI,mean_abs_difference,449.4609069824219
Exp-7_physical_peff_minus_stress_proxy,AI,rms_difference,467.469482421875
Exp-7_physical_peff_minus_stress_proxy,VpVs,mean_abs_difference,0.06436730176210403
Exp-7_physical_peff_minus_stress_proxy,VpVs,rms_difference,0.06586605310440063
Exp-7_physical_peff_minus_stress_proxy,effective_pressure_proxy_MPa,mean_abs_difference,13.054993629455566
Exp-7_physical_peff_minus_stress_proxy,effective_pressure_proxy_MPa,rms_difference,13.108254432678223
Exp-7_sv_pp_effective_pressure_rock_physics,runtime,seconds,2.197486442513764
Exp-8_sv_pp_effective_pressure_seismic_soft_data,poststack_seismic,mean,-0.006759663112461567
Exp-8_sv_pp_effective_pressure_seismic_soft_data,poststack_seismic,std,0.04343171417713165
Exp-8_sv_pp_effective_pressure_seismic_soft_data,poststack_seismic,p10,-0.06134811416268349
Exp-8_sv_pp_effective_pressure_seismic_soft_data,poststack_seismic,p50,-0.006507415324449539
Exp-8_sv_pp_effective_pressure_seismic_soft_data,poststack_seismic,p90,0.0473601296544075
Exp-8_sv_pp_effective_pressure_seismic_soft_data,poststack_seismic,facies_separability_fisher,0.027059708343743317
Exp-8_sv_pp_effective_pressure_seismic_soft_data,poststack_seismic,corr_with_porosity,-0.06701890261848865
Exp-8_sv_pp_effective_pressure_seismic_soft_data,poststack_seismic,corr_with_oil_saturation,0.0679179174696316
Exp-8_sv_pp_effective_pressure_seismic_soft_data,poststack_seismic,corr_with_brittleness_index,-0.07567254743855735
Exp-8_sv_pp_effective_pressure_seismic_soft_data,poststack_seismic,corr_with_permeability,-0.09198284334411412
Exp-8_sv_pp_effective_pressure_seismic_soft_data,poststack_seismic,corr_with_gamma,0.10277033527730212
Exp-8_sv_pp_effective_pressure_seismic_soft_data,poststack_seismic,corr_with_stress,0.15059421449829383
Exp-8_sv_pp_effective_pressure_seismic_soft_data,poststack_seismic,corr_with_SH1,-0.0134758347467622
Exp-8_sv_pp_effective_pressure_seismic_soft_data,poststack_seismic,corr_with_SH2,-0.06910316626951496
Exp-8_sv_pp_effective_pressure_seismic_soft_data,poststack_seismic,corr_with_stress_MPa,0.15059421449829383
Exp-8_sv_pp_effective_pressure_seismic_soft_data,poststack_seismic,corr_with_mean_stress_proxy,-0.04311008328994662
Exp-8_sv_pp_effective_pressure_seismic_soft_data,poststack_seismic,corr_with_differential_stress,0.10215797952505544
Exp-8_sv_pp_effective_pressure_seismic_soft_data,poststack_seismic,corr_with_stress_ratio,0.10883461040848373
Exp-8_sv_pp_effective_pressure_seismic_soft_data,poststack_seismic,corr_with_stress_anisotropy_index,0.10912588988327496
Exp-8_sv_pp_effective_pressure_seismic_soft_data,poststack_seismic,corr_with_pore_pressure_MPa,-0.2762155794035777
Exp-8_sv_pp_effective_pressure_seismic_soft_data,poststack_seismic,corr_with_vertical_stress_Sv_MPa,-0.2762155767665119
Exp-8_sv_pp_effective_pressure_seismic_soft_data,poststack_seismic,corr_with_effective_pressure_physical_MPa,-0.2762155864465989
Exp-8_sv_pp_effective_pressure_seismic_soft_data,poststack_seismic,corr_with_overpressure_ratio,-0.023219808168873507
Exp-8_sv_pp_effective_pressure_seismic_soft_data,poststack_seismic,corr_with_effective_pressure_ratio,-0.013060478091293105
Exp-8_sv_pp_effective_pressure_seismic_soft_data,AVO_intercept,mean,-0.0010803666664287448
Exp-8_sv_pp_effective_pressure_seismic_soft_data,AVO_intercept,std,0.020881187170743942
Exp-8_sv_pp_effective_pressure_seismic_soft_data,AVO_intercept,p10,6.473943358287215e-05
Exp-8_sv_pp_effective_pressure_seismic_soft_data,AVO_intercept,p50,0.00023685189080424607
Exp-8_sv_pp_effective_pressure_seismic_soft_data,AVO_intercept,p90,0.00033820635871961713
Exp-8_sv_pp_effective_pressure_seismic_soft_data,AVO_intercept,facies_separability_fisher,0.002226236157427679
Exp-8_sv_pp_effective_pressure_seismic_soft_data,AVO_intercept,corr_with_porosity,0.18819712222082838
Exp-8_sv_pp_effective_pressure_seismic_soft_data,AVO_intercept,corr_with_oil_saturation,0.11070848580550773
Exp-8_sv_pp_effective_pressure_seismic_soft_data,AVO_intercept,corr_with_brittleness_index,0.001655105493012256
Exp-8_sv_pp_effective_pressure_seismic_soft_data,AVO_intercept,corr_with_permeability,0.015158942015081328
Exp-8_sv_pp_effective_pressure_seismic_soft_data,AVO_intercept,corr_with_gamma,-0.15333602648883193
Exp-8_sv_pp_effective_pressure_seismic_soft_data,AVO_intercept,corr_with_stress,-0.12877273491908514
Exp-8_sv_pp_effective_pressure_seismic_soft_data,AVO_intercept,corr_with_SH1,0.016336562314829623
Exp-8_sv_pp_effective_pressure_seismic_soft_data,AVO_intercept,corr_with_SH2,-0.009101723001904288
Exp-8_sv_pp_effective_pressure_seismic_soft_data,AVO_intercept,corr_with_stress_MPa,-0.12877273491908514
Exp-8_sv_pp_effective_pressure_seismic_soft_data,AVO_intercept,corr_with_mean_stress_proxy,0.003684170679019134
Exp-8_sv_pp_effective_pressure_seismic_soft_data,AVO_intercept,corr_with_differential_stress,0.046233910923406375
Exp-8_sv_pp_effective_pressure_seismic_soft_data,AVO_intercept,corr_with_stress_ratio,0.04300161622705231
Exp-8_sv_pp_effective_pressure_seismic_soft_data,AVO_intercept,corr_with_stress_anisotropy_index,0.043101045694270805
Exp-8_sv_pp_effective_pressure_seismic_soft_data,AVO_intercept,corr_with_pore_pressure_MPa,-0.029795618136690117
Exp-8_sv_pp_effective_pressure_seismic_soft_data,AVO_intercept,corr_with_vertical_stress_Sv_MPa,-0.029795616221753148
Exp-8_sv_pp_effective_pressure_seismic_soft_data,AVO_intercept,corr_with_effective_pressure_physical_MPa,-0.029795616610552425
Exp-8_sv_pp_effective_pressure_seismic_soft_data,AVO_intercept,corr_with_overpressure_ratio,0.005275582170473223
Exp-8_sv_pp_effective_pressure_seismic_soft_data,AVO_intercept,corr_with_effective_pressure_ratio,0.0054188981856511526
Exp-8_sv_pp_effective_pressure_seismic_soft_data,AVO_gradient,mean,0.0002000392269110307
Exp-8_sv_pp_effective_pressure_seismic_soft_data,AVO_gradient,std,0.040790315717458725
Exp-8_sv_pp_effective_pressure_seismic_soft_data,AVO_gradient,p10,-0.0011536419624462724
Exp-8_sv_pp_effective_pressure_seismic_soft_data,AVO_gradient,p50,-0.0007914296584203839
Exp-8_sv_pp_effective_pressure_seismic_soft_data,AVO_gradient,p90,-0.0002683250932022929
Exp-8_sv_pp_effective_pressure_seismic_soft_data,AVO_gradient,facies_separability_fisher,0.01310057834779697
Exp-8_sv_pp_effective_pressure_seismic_soft_data,AVO_gradient,corr_with_porosity,-0.09875837571833865
Exp-8_sv_pp_effective_pressure_seismic_soft_data,AVO_gradient,corr_with_oil_saturation,-0.03598956884227315
Exp-8_sv_pp_effective_pressure_seismic_soft_data,AVO_gradient,corr_with_brittleness_index,0.00044768593708269407
Exp-8_sv_pp_effective_pressure_seismic_soft_data,AVO_gradient,corr_with_permeability,-0.017034079596645626
Exp-8_sv_pp_effective_pressure_seismic_soft_data,AVO_gradient,corr_with_gamma,0.08244029534501555
Exp-8_sv_pp_effective_pressure_seismic_soft_data,AVO_gradient,corr_with_stress,0.059179266254017246
Exp-8_sv_pp_effective_pressure_seismic_soft_data,AVO_gradient,corr_with_SH1,-9.765574078172325e-05
Exp-8_sv_pp_effective_pressure_seismic_soft_data,AVO_gradient,corr_with_SH2,0.012936388091233958
Exp-8_sv_pp_effective_pressure_seismic_soft_data,AVO_gradient,corr_with_stress_MPa,0.059179266254017246
Exp-8_sv_pp_effective_pressure_seismic_soft_data,AVO_gradient,corr_with_mean_stress_proxy,0.006715853653003516
Exp-8_sv_pp_effective_pressure_seismic_soft_data,AVO_gradient,corr_with_differential_stress,-0.02386656980355727
Exp-8_sv_pp_effective_pressure_seismic_soft_data,AVO_gradient,corr_with_stress_ratio,-0.024905039095980547
Exp-8_sv_pp_effective_pressure_seismic_soft_data,AVO_gradient,corr_with_stress_anisotropy_index,-0.02489762330752622
Exp-8_sv_pp_effective_pressure_seismic_soft_data,AVO_gradient,corr_with_pore_pressure_MPa,0.009739425759966384
Exp-8_sv_pp_effective_pressure_seismic_soft_data,AVO_gradient,corr_with_vertical_stress_Sv_MPa,0.009739425457520651
Exp-8_sv_pp_effective_pressure_seismic_soft_data,AVO_gradient,corr_with_effective_pressure_physical_MPa,0.00973942609597808
Exp-8_sv_pp_effective_pressure_seismic_soft_data,AVO_gradient,corr_with_overpressure_ratio,-0.0025224929928874358
Exp-8_sv_pp_effective_pressure_seismic_soft_data,AVO_gradient,corr_with_effective_pressure_ratio,-0.011373674853635272
Exp-8_physical_peff_seismic_minus_stress_proxy,poststack_seismic,mean_abs_difference,0.0077939764596521854
Exp-8_physical_peff_seismic_minus_stress_proxy,poststack_seismic,rms_difference,0.009797542355954647
Exp-8_physical_peff_seismic_minus_stress_proxy,AVO_gradient,mean_abs_difference,0.004383942112326622
Exp-8_physical_peff_seismic_minus_stress_proxy,AVO_gradient,rms_difference,0.01166576612740755
Exp-8_sv_pp_effective_pressure_seismic_soft_data,runtime,seconds,2.320537457242608
Exp-5_noise_uncertainty_sensitivity,all,status,disabled_in_config
Exp-6_with_without_horizon_constraints,horizon_probability,mean,0.24025112390518188
Exp-6_with_without_horizon_constraints,reservoir_mask,cell_count,384184
Exp-6_with_without_horizon_constraints,runtime,seconds,0.003893911838531494
